feature1,feature2,feature3,feature4,feature5,feature6,feature7,feature8,feature9,feature10,feature11,feature12,feature13,feature14,feature15,feature16,feature17,feature18,feature19,feature20,feature21,feature22,feature23,feature24,feature25,feature26,feature27,feature28,feature29,feature30,feature31,feature32,feature33,feature34,feature35,feature36,feature37,feature38,feature39,feature40,feature41,feature42,feature43,feature44,feature45,feature46,feature47,feature48,feature49,feature50,feature51,feature52,feature53,feature54,feature55,feature56,feature57,feature58,feature59,feature60,feature61,feature62,feature63,feature64,feature65,feature66,feature67,feature68,feature69,feature70,feature71,feature72,feature73,feature74,feature75,feature76,feature77,feature78,feature79,feature80,feature81,feature82,feature83,feature84,feature85,feature86,feature87,feature88,feature89,feature90,feature91,feature92,feature93,feature94,feature95,feature96,value
0.4621,0.20982,0.2149,0.15657,0.2863,0.16619,0.13666,0.12601,0.14685,0.11047,0.25626,0.17175,0.18693,0.94917,0.20333,0.16544,0.91057,0.45765,0.50406,0.69915,0.68673,1.1816,0.70362,0.94805,0.63704,0.58441,0.93714,0.65407,0.89086,1.8012,1.9426,1.6494,0.30602,0.15221,0.20147,0.23049,0.22446,0.24612,0.17672,0.17921,0.166,0.16846,0.24872,0.17716,0.16025,0.61526,0.24243,0.24224,0.84,0.34,0.3,0.225,0.42,0.2,0.195,0.145,0.185,0.12,0.41,0.165,0.21,1.745,0.215,0.22,1.0038,0.97603,0.97878,0.89909,0.8614,0.91967,0.9436,0.92202,0.90079,0.99179,0.96251,1.0195,0.94827,1.0085,0.8531,0.87335,0.87011,0.90409,0.90812,0.84082,0.70769,0.85177,0.89311,0.85552,0.83995,0.94445,0.88165,0.9466,0.59909,0.77622,0.55187,0.78863,1
0.27401,0.23,0.348,0.2434,0.42928,0.40305,0.080027,0.087855,0.16877,0.19535,0.29227,0.16208,0.148,1.0164,0.16641,0.12901,0.84474,0.81336,0.79952,0.82861,1.3215,1.4017,0.80349,0.47222,0.37263,0.5634,1.0124,0.75908,0.47424,2.4961,1.038,0.64792,0.24231,0.17462,0.22298,0.28815,0.25308,0.27024,0.15428,0.15286,0.15131,0.16335,0.24447,0.20884,0.17962,0.64052,0.20748,0.17685,0.3,0.345,0.605,0.35,0.79,0.79,0.08,0.095,0.245,0.325,0.46,0.175,0.195,1.815,0.245,0.145,0.97401,0.9793,0.97236,0.93955,0.87967,0.95588,0.94708,0.90765,0.92349,1.0091,0.97184,0.99816,0.98251,1.0054,0.8531,0.85352,0.85294,0.90082,0.88484,0.84244,0.66203,0.81555,0.90965,0.86451,0.85085,0.93025,0.88009,0.94144,0.73945,0.74688,0.60904,0.79854,1
0.25007,0.16806,0.26115,0.17746,0.37317,0.37353,0.16016,0.12939,0.11226,0.17861,0.2595,0.13332,0.1646,0.98148,0.11332,0.16639,0.68949,0.75315,0.60448,0.70914,0.80469,0.92912,0.6175,0.58402,0.49419,0.69141,0.82052,0.61691,0.41378,1.5787,0.81336,0.53986,0.24762,0.13838,0.22476,0.23157,0.25161,0.29973,0.14225,0.1418,0.17191,0.16589,0.25364,0.16304,0.16084,0.59848,0.15595,0.19684,0.295,0.26,0.4925,0.215,0.6425,0.71,0.06,0.1175,0.1375,0.2275,0.4725,0.1375,0.2075,1.71,0.1375,0.1575,0.94329,0.9654,0.95951,0.90394,0.88119,0.9159,1.015,0.94808,0.88717,0.99416,0.9695,1.0033,0.99962,1.0339,0.75415,0.85262,0.83758,0.90736,0.88805,0.83273,0.69247,0.82763,0.90355,0.86181,0.83269,0.91683,0.89176,0.93702,0.74287,0.75957,0.62223,0.75258,1
0.23016,0.15864,0.2273,0.20947,0.37326,0.26998,0.10073,0.09011,0.13716,0.158,0.25227,0.16792,0.14434,0.94938,0.14658,0.11336,0.65719,0.62877,0.73473,1.3056,0.92341,1.2243,0.42544,0.37672,0.61874,0.67344,1.0626,0.60502,0.48643,1.7447,0.65829,0.51421,0.21723,0.15495,0.1908,0.30311,0.27169,0.29403,0.16071,0.11253,0.16745,0.18625,0.27621,0.16459,0.1458,0.56726,0.15072,0.17997,0.195,0.195,0.375,0.255,0.685,0.48,0.09,0.1,0.12,0.21,0.365,0.14,0.18,1.65,0.2,0.145,0.94962,0.98257,0.94988,0.90151,0.86597,0.90684,0.97667,0.90765,0.91259,0.99021,0.95162,1.021,0.96539,0.98633,0.73876,0.84721,0.8168,0.90736,0.88243,0.82868,0.67116,0.83592,0.90355,0.8699,0.81906,0.91841,0.85288,0.9466,0.73945,0.71437,0.56287,0.79584,1
0.33583,0.38062,0.39247,0.60772,0.23209,0.6268,0.4811,0.53865,0.39989,0.32713,0.29883,0.14453,0.12312,0.85996,0.12169,1.8504,1.5123,1.9986,1.9582,2.8883,2.5211,2.1461,1.5912,3.5924,3.7716,1.2934,1.0403,0.71724,0.53485,2.7102,1.0541,5.0431,0.4649,0.70539,0.50337,0.80296,0.42793,0.53395,0.49279,0.72693,0.64494,0.42279,0.3404,0.25531,0.13847,0.74388,0.24742,1.2502,0.56,0.515,0.6925,0.63,0.2875,0.3825,0.545,0.63,0.355,0.33,0.285,0.1775,0.1225,1.425,0.2,3.365,1.0355,1.2286,1.1185,1.2042,0.87662,1.1166,1.0646,1.2222,1.1187,1.2119,1.0947,1.0387,1.0099,0.97205,0.70139,0.80575,0.91077,1.0815,1.0157,0.91689,0.71378,0.75444,0.79039,0.91034,0.93348,1.0494,0.93452,0.99595,0.70864,0.74847,0.59585,0.18567,2
0.31756,0.5386,0.51414,0.34611,0.29249,0.32921,0.2314,0.4798,0.34678,0.22456,0.17942,0.17714,0.070483,0.90734,0.10118,1.8887,3.1553,2.7535,1.5065,2.1463,1.3978,2.2776,1.3218,1.9717,4.3613,1.211,0.7174,1.3157,0.3696,2.6082,0.63821,10.254,0.56329,0.81797,0.5803,0.67641,0.38723,0.61778,0.47785,0.49173,0.67343,0.47402,0.2794,0.51125,0.11286,0.8801,0.22009,2.4106,0.525,0.43,0.6025,0.3425,0.2375,0.415,0.3225,0.61,0.46,0.295,0.2,0.2175,0.095,1.655,0.1275,3.05,1.0246,1.3594,1.1386,1.0763,0.92228,1.0623,1.0602,1.1844,1.1187,1.1236,1.0208,1.0409,0.82846,0.99743,0.66841,0.71112,0.91077,1.0136,0.86557,0.93469,0.68638,0.93777,0.97929,0.85822,0.95527,1.0525,0.95084,0.97606,0.70864,0.74212,0.56287,0.18657,2
0.31645,0.34167,0.60753,0.5199,0.32657,0.42964,0.40852,0.38588,0.47701,0.48922,0.24159,0.33368,0.073082,0.99545,0.075498,1.5549,2.4696,2.0968,3.5236,4.3485,1.5291,2.9905,1.9875,3.31,1.991,1.2605,1.5176,2.694,0.31321,2.9294,0.94323,10.179,0.59634,0.64878,0.71475,0.8128,0.38295,0.76822,0.52369,0.53586,0.55319,0.33552,0.39931,0.36622,0.10924,0.93904,0.20051,1.7011,0.37,0.3925,0.7075,0.61,0.4325,0.46,0.295,0.4875,0.565,0.255,0.25,0.19,0.11,1.82,0.105,3.0575,1.0481,1.2752,1.3072,1.1111,0.92837,1.0547,1.1969,1.0964,1.0697,1.1851,1.0558,1.0976,0.84215,1.0054,0.66841,0.59395,0.88908,1.106,1.0117,0.95493,0.68638,0.81706,0.9819,0.89237,0.79364,0.91368,0.9384,0.9245,0.72918,0.75481,0.58705,0.18206,2
0.51447,0.44934,0.38003,0.43565,0.2664,0.46792,0.27748,0.47752,0.27505,0.30856,0.27186,0.25863,0.15191,0.98072,0.083996,1.1034,2.1757,1.9939,2.9613,1.7988,1.4725,3.3722,1.8386,2.0763,1.6181,1.1153,1.3107,1.4246,0.43666,2.8392,0.45436,8.0567,0.58131,0.63259,0.73969,0.67317,0.42176,0.64263,0.63841,0.64141,0.53093,0.379,0.39639,0.31393,0.15668,0.89607,0.15583,1.5129,0.495,0.4925,0.5925,0.515,0.4325,0.4575,0.35,0.5525,0.335,0.275,0.2425,0.1675,0.14,1.755,0.1075,1.49,1.133,1.2752,1.1627,1.0965,0.91163,1.1792,1.0663,1.2177,1.0479,1.1583,1.0791,1.1087,0.85584,1.0926,0.65082,0.5579,0.86197,1.0357,1.0302,0.92498,0.75487,0.92797,0.95143,0.9346,0.9244,0.96102,0.90808,0.98564,0.56143,0.77067,0.56946,0.18296,2
0.50383,0.27215,0.37272,0.44696,0.30928,0.34775,0.40195,0.36481,0.4193,0.22215,0.20089,0.20266,0.070876,0.94808,0.13158,1.7085,1.394,2.6979,3.4711,2.0442,1.326,1.9467,1.3869,1.8711,1.1461,1.8285,1.2634,0.89767,0.26791,2.9477,0.5061,11.206,0.47365,0.66296,0.82871,0.59842,0.48992,0.5966,0.49668,0.52107,0.4695,0.4928,0.32399,0.31496,0.10345,0.90682,0.1953,2.6933,0.885,0.4225,0.5,0.6875,0.4125,0.38,0.2875,0.6525,0.385,0.28,0.215,0.19,0.1075,1.66,0.15,2.885,1.0445,1.1959,1.1627,1.133,0.9588,1.0789,1.2056,1.0586,1.1569,1.152,1.0317,1.0851,0.82503,1.0244,0.76295,0.63811,0.86378,1.106,1.0382,0.96545,0.72747,0.91891,0.94882,0.94359,0.94438,1.0336,0.95473,0.98932,0.7326,0.78018,0.57386,0.18386,2
0.41104,0.48036,0.50048,0.52317,0.3244,0.31456,0.30412,0.44934,0.34029,0.22802,0.19256,0.26611,0.074882,0.98109,0.10262,1.7928,2.4503,6.1884,2.0901,1.7954,2.1986,2.8305,2.6771,2.2929,2.6751,2.152,1.3937,1.6011,0.46921,3.5141,0.59929,7.3552,0.50808,1.1622,0.58567,0.55383,0.44606,1.034,0.78833,0.67433,0.61143,0.58053,0.31889,0.45233,0.1691,0.80889,0.20613,1.8388,0.48,0.4075,0.6825,0.795,0.4925,0.4925,0.3375,0.675,0.525,0.28,0.265,0.2075,0.085,1.745,0.09,2.2425,1.1475,1.3627,1.2686,1.1192,0.98772,1.0336,1.0794,1.108,1.0824,1.1378,1.0278,1.1285,0.84215,1.0133,0.72777,0.72283,0.89992,1.0978,1.0543,0.94926,0.77313,0.92646,0.95143,0.89237,0.96799,1.0462,0.96173,0.993,0.70521,0.77701,0.59585,0.15863,2
0.42453,0.66303,0.53234,0.47097,0.33229,0.31172,0.4079,0.53437,0.3534,0.39192,0.25845,0.26746,0.091457,1.0227,0.085345,2.0251,1.4837,7.7164,1.9778,4.4899,1.4007,1.9981,1.7969,1.269,1.8855,1.6762,1.0334,1.6357,0.71417,3.8264,0.55172,22.754,0.55664,0.80443,0.68563,0.94381,0.48508,0.58972,0.50027,0.4561,0.56853,0.57726,0.34057,0.51251,0.15428,0.91195,0.17999,3.864,0.665,0.56,0.565,0.7025,0.38,0.315,0.3225,0.725,0.38,0.265,0.2525,0.265,0.125,1.695,0.11,3.5275,1.1114,1.3627,1.1843,1.137,0.9588,1.0509,1.2082,1.108,1.106,1.2119,1.0791,1.074,0.84557,1.0418,0.69039,0.73365,0.89992,0.91554,0.91374,0.98325,0.66964,0.93551,0.97058,0.80879,0.9589,0.95313,0.95007,0.94439,0.66071,0.78652,0.58705,0.17665,2
0.26528,0.24798,0.27012,0.48005,0.45799,0.25035,0.37859,0.23771,0.30381,0.30454,0.3913,0.39548,0.17167,1.2083,0.14786,0.21273,1.8945,2.3767,1.8548,2.0628,1.7466,1.6596,1.6917,1.6143,1.8358,2.1262,2.0169,1.3959,0.5561,3.1078,0.98435,1.6729,0.4809,0.64438,0.63357,0.54136,0.52505,0.47795,0.57799,0.52829,0.3321,0.52151,0.66407,0.46101,0.18229,1.0047,0.24158,0.51398,0.31,0.25,0.24,0.3,0.795,0.195,0.28,0.31,0.16,0.44,0.52,0.24,0.31,1.82,0.115,0.25,1.0029,1.0774,1.0599,0.98082,0.84162,0.96041,1.062,1.0137,1.0225,1.0904,1.0667,1.1654,0.96881,1.1005,0.75196,0.767,0.88185,0.97521,0.94747,0.72348,0.59202,0.85403,0.80954,0.92921,0.80998,0.97838,0.94229,0.99742,0.75656,0.69297,0.49471,0.68408,3
0.29251,0.45846,0.33536,0.31621,0.60224,0.23948,0.50676,0.37448,0.39715,0.33501,0.46621,0.25617,0.21485,1.249,0.13454,0.27008,1.5717,2.1671,1.7312,3.0203,1.939,1.6113,1.2167,1.2486,2.3997,1.693,1.6946,1.3397,0.81275,3.6998,0.93316,2.7468,0.48555,0.55449,0.70481,0.78987,0.58345,0.50628,0.36039,0.42326,0.49593,0.54982,0.58959,0.50628,0.17562,1.0674,0.27213,0.56107,0.315,0.3,0.445,0.33,1.0475,0.295,0.2,0.255,0.23,0.37,0.735,0.345,0.355,2.4,0.0975,0.19,1.068,1.1567,1.0679,0.99215,0.87358,0.95664,1.1508,1.0406,1.1115,1.1251,1.0542,1.0711,1.0065,1.0054,0.72117,0.78142,0.88366,0.84605,0.94185,0.86914,0.51288,0.86912,0.82521,0.79262,0.82633,1.0005,0.90808,0.99153,0.7771,0.66918,0.49911,0.62459,3
0.19204,0.34749,0.29577,0.35913,0.56537,0.31313,0.35855,0.27355,0.23651,0.22757,0.52224,0.23593,0.16801,1.0547,0.081703,0.2358,1.3311,2.0949,1.6972,1.6961,2.4745,1.5604,1.4843,1.5067,0.94887,1.1816,2.2497,1.3167,0.7758,2.5921,0.51206,1.5215,0.58833,0.53995,0.43157,0.56919,0.57545,0.56792,0.39643,0.34379,0.37237,0.39855,0.64289,0.50027,0.24386,0.9399,0.15215,0.34827,0.23,0.2925,0.3375,0.385,1.025,0.33,0.22,0.195,0.195,0.24,0.63,0.23,0.235,1.62,0.0675,0.265,0.99028,1.1281,1.088,1.0197,0.90097,0.92797,1.1212,1.0406,1.0352,1.0841,1.0853,1.0755,0.97908,0.97364,0.686,0.81747,0.90896,0.97521,0.95148,0.80926,0.59811,0.81857,0.91748,0.85912,0.90442,0.99889,0.88476,0.99153,0.76683,0.64698,0.58925,0.67867,3
0.31603,0.25448,0.27078,0.37369,0.643,0.28582,0.15316,0.42602,0.30688,0.35217,0.40267,0.32756,0.17061,1.0604,0.1197,0.17732,1.7831,1.2939,2.1767,2.1024,1.767,1.3549,0.88624,1.6783,1.2578,2.0299,1.7667,1.2974,0.61509,3.1453,0.68972,1.3131,0.47882,0.48469,0.69852,0.63685,0.49851,0.41181,0.33393,0.51899,0.38639,0.55985,0.51035,0.53933,0.19121,1.1385,0.16985,0.42411,0.21,0.3025,0.3725,0.305,1.145,0.415,0.2,0.265,0.235,0.48,0.645,0.37,0.2375,1.805,0.0975,0.245,1.1204,1.106,1.0382,1.0909,0.99381,0.94909,1.0115,1.1341,1.0406,1.1157,1.0853,1.1168,0.97224,0.98633,0.6706,0.75798,0.91619,1.0079,0.93944,0.87238,0.6179,0.84498,0.94186,0.91663,0.81543,0.97838,0.93607,0.98416,0.70521,0.68662,0.49691,0.68768,3
0.28432,0.24573,0.55768,0.31936,0.49674,0.32286,0.34286,0.41726,0.25827,0.41569,0.5311,0.26905,0.15119,1.0635,0.077878,0.25013,1.3103,2.9308,3.2115,1.8307,2.0006,2.2622,1.1291,1.0388,1.1329,1.3744,1.6356,1.5623,0.61398,2.9236,0.23966,2.355,0.44166,0.49921,0.84645,0.65989,0.43555,0.59498,0.40652,0.33935,0.36996,0.48854,0.43573,0.53164,0.20684,1.0445,0.097103,0.39505,0.25,0.25,0.3875,0.335,0.9575,0.2575,0.2,0.275,0.255,0.515,0.77,0.37,0.2425,1.745,0.0775,0.32,1.0879,1.0856,1.1683,0.98244,0.84162,0.94155,1.0498,1.1179,1.0733,1.0667,1.0698,1.0917,0.94143,0.97998,0.675,0.74897,0.91438,0.98502,0.85754,0.85134,0.61485,0.79745,0.86003,0.80879,0.9353,0.88369,0.83189,0.993,0.73602,0.68979,0.58705,0.65794,3
0.37468,0.3144,0.24113,0.23172,0.46461,0.35302,0.30922,0.36372,0.25259,0.36992,0.45723,0.27806,0.15844,1.1383,0.089934,0.27821,1.2863,1.584,1.3651,1.9374,1.9914,2.0051,1.706,1.0336,1.4708,2.4418,1.8148,1.9067,0.83922,4.5794,0.83737,1.2761,0.42917,0.52071,0.40725,0.5912,0.41134,0.56408,0.41505,0.30455,0.53836,0.65329,0.58589,0.57682,0.20481,1.0865,0.21081,0.42014,0.2,0.2875,0.3375,0.35,0.8325,0.3,0.215,0.185,0.235,0.395,0.725,0.34,0.225,1.765,0.11,0.43,1.1204,1.1035,1.0382,0.96464,0.83096,1.0162,1.1316,1.0083,1.0079,1.1267,1.0589,1.0947,0.938,0.96888,0.6816,0.77241,0.91619,0.93189,0.9555,0.88047,0.60572,0.83592,0.92793,0.77824,0.84449,0.92314,0.91119,0.99153,0.72918,0.66442,0.59805,0.67326,3
0.24792,0.34867,0.40499,0.24821,0.44176,0.29682,0.19151,0.33116,0.20136,0.33121,0.3303,0.24249,0.14295,0.97618,0.081681,0.29969,1.5402,3.5235,2.4655,1.4492,1.6058,1.8422,1.783,1.4574,1.3233,1.6017,1.4476,1.4471,0.86756,3.5259,0.73434,1.8586,0.4213,0.7698,0.64833,0.48783,0.44321,0.64451,0.41187,0.44595,0.44957,0.52802,0.59952,0.50607,0.15822,1.1254,0.17639,0.49743,0.275,0.2875,0.3875,0.295,0.7975,0.325,0.235,0.255,0.235,0.33,0.48,0.295,0.1525,1.49,0.0975,0.38,1.0336,1.1591,1.1201,0.97597,0.84923,0.91439,1.0219,1.0083,0.99341,1.0778,1.0107,1.0829,0.90035,0.94668,0.686,0.79854,0.9198,0.98747,0.89126,0.88047,0.59659,0.78085,0.93315,0.78363,0.89716,0.94366,0.91897,0.98122,0.59224,0.67077,0.60025,0.65434,3
0.18101,0.45676,0.31324,0.22711,0.20557,0.41618,0.21448,0.12355,0.084109,0.18344,0.2058,0.14656,0.052587,0.23827,0.18389,0.19391,0.55344,1.0771,2.108,1.3052,0.69065,2.596,0.92481,0.69724,0.42705,0.75269,0.84432,1.0389,0.28837,2.0334,0.79832,0.6651,0.1919,0.32992,0.35998,0.35336,0.21359,0.61382,0.24462,0.21572,0.1392,0.21198,0.25483,0.24521,0.081231,0.40141,0.27595,0.1318,0.235,0.345,0.3525,0.3125,0.23,0.665,0.1975,0.145,0.1275,0.2425,0.2925,0.1625,0.06,0.33,0.28,0.28,0.82493,1.0079,0.92338,0.88533,0.82944,0.89326,1.0124,0.97594,0.87173,0.91762,0.91663,0.96722,0.80107,0.76829,0.8553,1.0176,0.76259,0.74142,0.77403,0.81492,0.63464,0.7469,0.88266,0.91753,0.83995,0.8545,0.83578,0.90829,0.70521,0.69059,0.63982,0.9103,4
0.1195,0.30478,0.27922,0.27334,0.19189,0.32862,0.2145,0.099041,0.080846,0.097126,0.13908,0.17108,0.11132,0.32204,0.17813,0.14784,0.48701,1.2909,0.89348,0.92563,0.8297,2.6456,0.84439,0.78656,0.49984,0.56508,0.8239,0.81475,0.24028,1.3308,1.0912,0.66268,0.19379,0.37062,0.21163,0.27806,0.18101,0.44,0.21341,0.22722,0.18047,0.18621,0.22535,0.25696,0.07599,0.43022,0.32302,0.17185,0.185,0.1675,0.225,0.225,0.145,0.395,0.1425,0.1175,0.09,0.15,0.15,0.1775,0.05,0.33,0.185,0.2475,0.83487,0.99565,0.95469,0.9873,0.8127,0.86007,1.0211,0.96606,0.89443,0.90342,0.88865,0.993,0.93116,0.81665,0.80473,0.99052,0.79331,0.78229,0.77805,0.82787,0.58594,0.77331,0.85916,0.91573,0.83995,0.87186,0.82101,0.91124,0.69152,0.67314,0.62883,0.94455,4
0.16855,0.24458,0.26415,0.1433,0.13251,0.39067,0.17842,0.12346,0.1221,0.15593,0.10617,0.19222,0.11165,0.21829,0.15951,0.18001,0.77577,1.5554,1.1006,1.0443,0.61845,1.7588,0.94504,0.5418,0.35221,0.82056,0.79807,1.3189,0.28715,1.0711,1.013,0.73115,0.24933,0.387,0.36068,0.29238,0.2111,0.47878,0.20375,0.18295,0.1327,0.28942,0.21274,0.41383,0.082819,0.38492,0.28983,0.18181,0.1675,0.235,0.21,0.17,0.1575,0.5125,0.14,0.1075,0.0775,0.1675,0.13,0.185,0.055,0.275,0.17,0.2275,0.87462,0.98502,0.99805,0.90556,0.72747,0.90533,0.96623,0.97594,0.91259,0.91289,0.88554,1.0099,0.78738,0.76591,0.79593,0.98601,0.77162,0.85832,0.85192,0.85296,0.61333,0.76953,0.8522,0.89866,0.81816,0.83004,0.85055,0.90092,0.5272,0.67949,0.61784,0.89678,4
0.11386,0.28536,0.26573,0.23301,0.10185,0.32295,0.15825,0.097022,0.11953,0.17777,0.17364,0.1325,0.07715,0.28534,0.18739,0.16563,0.84018,1.5112,1.3586,1.0306,1.0108,2.0759,0.87704,0.92156,0.67471,0.913,0.54124,0.94946,0.51557,1.9565,0.90658,0.68339,0.24591,0.43724,0.43027,0.41204,0.20229,0.5556,0.26155,0.29465,0.21118,0.28744,0.19627,0.32416,0.10331,0.4652,0.28555,0.1624,0.1075,0.16,0.2525,0.22,0.1675,0.47,0.1675,0.1325,0.1175,0.245,0.2375,0.1575,0.05,0.315,0.17,0.255,0.85475,1.0136,0.91294,0.90718,0.72139,0.88345,0.9758,0.97684,0.90715,0.9121,0.91042,0.993,0.82503,0.82458,0.81352,0.98962,0.80415,0.88693,0.77002,0.78579,0.65594,0.77557,0.91226,0.93191,0.83178,0.84898,0.84511,0.93407,0.66071,0.68742,0.61344,0.91932,4
0.11042,0.1772,0.2399,0.23996,0.18129,0.36494,0.20838,0.11815,0.13912,0.16559,0.16486,0.22249,0.077754,0.23122,0.2039,0.13315,1.1427,1.7796,1.404,0.92123,0.87308,2.6809,0.99357,0.86708,0.90866,0.75632,0.90447,0.79103,0.6453,1.0533,1.4429,0.61994,0.29649,0.44049,0.56711,0.27499,0.20729,0.58508,0.29856,0.21133,0.20153,0.24111,0.32271,0.22999,0.15839,0.42482,0.2822,0.18879,0.1325,0.2375,0.33,0.18,0.14,0.4925,0.215,0.0975,0.09,0.2175,0.175,0.125,0.065,0.4075,0.175,0.16,0.8674,0.95804,0.91776,0.98406,0.77618,0.88345,0.96014,0.98403,0.88808,0.90579,0.92208,0.97459,0.80792,0.7556,0.78494,0.98421,0.80867,0.8812,0.80535,0.86024,0.55093,0.75746,0.85481,0.92382,0.79273,0.85213,0.84122,0.8744,0.61621,0.68662,0.5079,0.91932,4
0.19593,0.18146,0.1793,0.213,0.1061,0.411,0.20156,0.11024,0.091739,0.1693,0.15665,0.20397,0.079293,0.29972,0.16529,0.14227,0.98355,0.93958,0.76137,1.4178,0.87066,2.6468,0.65253,1.366,0.64301,0.87282,1.2752,0.92683,0.46075,1.3303,0.73982,0.75912,0.23973,0.34842,0.29461,0.44017,0.25341,0.60827,0.18587,0.26845,0.16052,0.26842,0.37428,0.31812,0.12937,0.40606,0.24934,0.15168,0.16,0.18,0.1925,0.1975,0.165,0.7175,0.13,0.125,0.1075,0.2025,0.23,0.1375,0.08,0.28,0.195,0.245,0.92522,0.96458,0.90812,0.9088,0.71226,0.90533,0.9819,0.97145,0.88808,0.90894,0.89487,1.0173,0.87296,0.80952,0.75196,0.95807,0.80053,0.89347,0.81418,0.79631,0.65442,0.76199,0.83914,0.92831,0.84631,0.84977,0.84511,0.93334,0.68125,0.66522,0.58485,0.9112,4
0.17788,0.2109,0.21114,0.28965,0.16149,0.36292,0.21003,0.17623,0.11176,0.26129,0.12499,0.18595,0.076497,0.23784,0.17973,0.16173,0.65627,2.0025,1.5076,1.054,0.91186,1.6889,1.1264,1.0395,0.5057,0.86043,0.75505,1.2514,0.53516,1.494,1.0331,1.1073,0.23353,0.5307,0.44768,0.43594,0.21867,0.57571,0.25028,0.30379,0.15394,0.25683,0.23932,0.36139,0.2019,0.5274,0.31413,0.26213,0.2425,0.27,0.195,0.2625,0.2,0.5725,0.1875,0.185,0.09,0.2775,0.21,0.1375,0.0875,0.3825,0.1725,0.2475,0.88095,0.94987,0.93221,0.96302,0.76704,0.87591,1.0141,1.0119,0.88263,0.93577,0.88243,1.0107,0.80107,0.75084,0.77174,0.96799,0.80324,0.85995,0.84228,0.79065,0.61637,0.76199,0.89659,0.91394,0.81906,0.79769,0.84355,0.92081,0.6744,0.67314,0.51889,0.90039,4
0.27507,0.20629,0.11622,0.1906,0.14575,0.26145,0.14813,0.11345,0.13577,0.15758,0.13229,0.15964,0.048367,0.27792,0.15005,0.13323,1.0569,0.47523,0.72464,0.80908,0.43144,2.6367,0.67001,0.53972,1.268,0.67634,0.62188,1.4349,0.27258,0.88786,0.52269,0.69072,0.25567,0.18587,0.23053,0.23868,0.16113,0.39904,0.1704,0.16056,0.21378,0.19346,0.16622,0.25192,0.098976,0.29932,0.15069,0.17996,0.285,0.235,0.155,0.2625,0.125,0.3375,0.1475,0.155,0.16,0.225,0.1375,0.1475,0.0775,0.2925,0.155,0.1425,0.84661,0.90328,0.88403,0.90475,0.71073,0.85856,1.0002,0.95977,0.86265,0.905,0.89098,0.99374,0.78395,0.81269,0.70798,0.94455,0.6894,0.78229,0.83907,0.82706,0.56615,0.77331,0.91226,0.91843,0.79273,0.84267,0.82334,0.93334,0.71548,0.69772,0.5079,0.87425,5
0.21569,0.16074,0.12623,0.11966,0.059944,0.25975,0.11683,0.11422,0.063561,0.077992,0.085239,0.084139,0.073637,0.27688,0.070324,0.084735,1.3596,0.95323,0.69214,0.99479,0.31152,1.6796,0.89144,0.29952,0.50659,0.44831,0.51025,0.4729,0.41888,1.3127,0.37952,0.40653,0.26745,0.2369,0.24351,0.22815,0.10053,0.39763,0.2206,0.088653,0.11604,0.13975,0.15482,0.15701,0.074549,0.31949,0.12382,0.13151,0.1875,0.185,0.1475,0.1275,0.0775,0.3275,0.1175,0.0875,0.05,0.0975,0.1,0.095,0.05,0.2575,0.08,0.1175,0.87553,0.91227,0.89287,0.90799,0.73508,0.89779,0.96449,1.011,0.88263,0.9192,0.90186,0.98048,0.85927,0.86898,0.72117,0.96438,0.74903,0.84524,0.83827,0.84244,0.69095,0.80499,0.91139,0.94629,0.8454,0.88843,0.87076,0.95175,0.68125,0.72151,0.64422,0.92472,5
0.1561,0.19855,0.21047,0.094904,0.077802,0.21258,0.1939,0.13179,0.061873,0.097944,0.1215,0.12174,0.051587,0.15643,0.066558,0.074603,1.0677,1.1644,1.0239,0.90641,0.48716,0.77213,1.4096,0.2522,0.29969,0.36103,0.58375,0.55173,0.35352,1.6699,0.5479,0.39926,0.33076,0.18243,0.22351,0.22173,0.13513,0.2847,0.28079,0.096654,0.11452,0.11744,0.16216,0.17735,0.11079,0.41912,0.18285,0.11813,0.1575,0.155,0.1375,0.1325,0.095,0.265,0.1675,0.1,0.0875,0.0675,0.0975,0.0775,0.0575,0.1775,0.07,0.08,0.87191,0.96131,0.93542,0.90556,0.75639,0.90307,1.008,0.99841,0.87627,0.95786,0.91042,1.0107,0.81819,0.80317,0.72777,0.96979,0.77252,0.86567,0.80535,0.86753,0.6879,0.8065,0.90094,0.91124,0.84994,0.90263,0.84278,0.95175,0.71891,0.73737,0.65301,0.93644,5
0.14646,0.1882,0.12372,0.18328,0.086801,0.12322,0.1109,0.16336,0.12482,0.093708,0.098692,0.10426,0.074591,0.20282,0.13729,0.071947,0.9648,1.1273,1.1013,0.72311,0.39732,0.98712,0.49368,1.4997,0.40173,0.76625,0.46005,0.82932,0.47143,1.5152,0.40925,0.66935,0.32972,0.29332,0.33986,0.20318,0.14773,0.30228,0.17632,0.29561,0.1575,0.15962,0.14595,0.25539,0.1517,0.47496,0.1628,0.14116,0.2275,0.2075,0.1475,0.12,0.105,0.1625,0.15,0.0975,0.1175,0.105,0.095,0.1425,0.0675,0.265,0.135,0.07,0.86469,0.94578,0.90571,0.95897,0.75943,0.89326,0.97406,1.0164,0.88898,0.93025,0.9143,0.98122,0.849,0.80872,0.71898,0.96258,0.81409,0.85423,0.86155,0.8481,0.69095,0.84347,0.91661,0.94,0.81362,0.88054,0.86532,0.94365,0.69152,0.72944,0.52989,0.92472,5
0.13706,0.12367,0.1979,0.21868,0.08154,0.17801,0.15708,0.094996,0.11907,0.1179,0.15024,0.086745,0.090188,0.19076,0.082977,0.10951,0.74876,0.72346,0.98938,1.0729,0.58286,0.78462,0.74213,0.61721,0.49484,0.81226,0.66296,0.88608,0.37869,0.77763,0.82114,0.52646,0.22337,0.30701,0.20731,0.37496,0.20301,0.24996,0.20058,0.19063,0.14088,0.19754,0.20105,0.28326,0.12703,0.27854,0.19339,0.18114,0.2075,0.1575,0.1425,0.225,0.1175,0.2025,0.18,0.1075,0.085,0.095,0.0875,0.115,0.075,0.27,0.12,0.095,0.88456,0.91799,0.9836,0.94683,0.73661,0.92419,0.9906,0.98044,0.87355,0.96259,0.93685,0.97459,0.90377,0.79604,0.71238,0.98331,0.81499,0.87221,0.86557,0.84244,0.68182,0.83819,0.91226,0.9409,0.79727,0.89868,0.8591,0.94439,0.70864,0.71992,0.63982,0.93103,5
0.20487,0.14572,0.17303,0.20615,0.11881,0.13899,0.15988,0.098955,0.10254,0.073225,0.069264,0.14322,0.12103,0.2299,0.13026,0.089174,0.89828,0.88224,1.7211,1.1239,0.64376,0.94011,0.92847,0.82097,0.5001,0.50602,0.37738,0.69677,1.5817,1.9754,0.80008,0.37788,0.28336,0.24153,0.35842,0.26139,0.18863,0.31954,0.27891,0.23258,0.14428,0.16944,0.092883,0.20739,0.19813,0.58896,0.22929,0.13875,0.1825,0.135,0.105,0.12,0.15,0.1725,0.18,0.1175,0.1175,0.08,0.0575,0.1075,0.0875,0.3125,0.0975,0.0975,0.88908,0.95477,0.91776,0.95493,0.74878,0.88345,0.97145,0.98313,0.89897,0.92946,0.9143,0.98048,0.92773,0.80872,0.82012,0.9752,0.75626,0.88366,0.82703,0.8481,0.66964,0.83064,0.89485,0.9364,0.83904,0.90105,0.88554,0.90682,0.61963,0.71437,0.63762,0.93193,5
0.21334,0.10644,0.16801,0.22662,0.14948,0.21933,2.3943,0.11084,0.61601,0.11205,0.089083,0.19714,0.097035,0.27009,0.082517,0.084125,0.66465,0.78921,3.1945,1.5388,0.57111,1.6553,1.0521,1.6158,1.6022,0.62076,0.66667,2.5527,1.0492,1.2823,0.51088,0.75051,0.29032,0.23463,0.42416,0.39731,0.21743,0.4086,0.17869,0.29324,0.47146,0.20233,0.21323,0.32825,0.18055,0.49463,0.15946,0.26495,0.1075,0.1475,0.175,0.21,0.1375,0.295,0.0375,0.1175,0.8225,0.1,0.0775,0.195,0.08,0.245,0.085,0.1175,0.92884,0.91962,0.91374,0.95493,0.79444,0.88572,0.95491,0.99841,0.87809,0.95549,0.92052,1.0129,0.87296,0.82855,0.73437,0.97339,0.76801,0.87058,0.82703,0.84001,0.64377,0.79745,0.16278,0.9382,0.70374,0.90105,0.88554,0.90387,0.61963,0.67314,0.62883,0.93824,5
0.22466,0.11345,0.22629,0.2034,0.15422,0.40481,0.16789,0.13652,0.23823,0.16291,0.15938,0.12977,0.048682,0.18358,0.18994,0.19623,1.1217,0.78207,1.7917,2.5855,0.5952,2.3402,1.3089,0.78139,1.2037,0.57775,0.54364,0.63868,0.4669,1.453,0.58493,0.77566,0.32691,0.27022,0.39983,0.53077,0.20114,0.6329,0.27542,0.21592,0.23454,0.15991,0.19278,0.25052,0.13112,0.34243,0.21506,0.22929,0.305,0.095,0.205,0.25,0.19,0.585,0.245,0.125,0.435,0.255,0.175,0.135,0.06,0.185,0.12,0.295,0.79059,0.89265,0.95068,0.93712,0.76248,0.92344,0.98799,1.0146,0.91986,0.92078,0.90342,1.0048,0.79422,0.83568,0.89487,0.9788,0.67314,0.84524,0.81338,0.86267,0.62703,0.79518,0.93054,0.92562,0.81634,0.86318,0.82101,0.94439,0.70864,0.73737,0.58266,0.89768,6
0.1662,0.1565,0.21501,0.20178,0.075142,0.24574,0.096809,0.096596,0.075917,0.1437,0.076223,0.11129,0.056507,0.19457,0.12464,0.057433,0.66292,0.54617,0.84086,1.3308,0.53001,1.3107,0.46378,0.67943,0.43712,0.51999,0.61691,0.38186,0.32782,0.81211,0.52808,0.39064,0.20825,0.17509,0.22639,0.23523,0.16138,0.4621,0.15268,0.1802,0.11479,0.20119,0.19885,0.14493,0.1069,0.31553,0.17304,0.13717,0.1775,0.1275,0.15,0.16,0.11,0.2275,0.12,0.1075,0.0675,0.21,0.1175,0.075,0.0775,0.245,0.205,0.0975,0.85023,0.91554,0.93542,0.96383,0.72595,0.89477,0.96884,1.0002,0.88444,0.91368,0.90031,0.99079,0.7908,0.78732,0.8487,0.9752,0.74813,0.8387,0.8198,0.86024,0.68029,0.79896,0.93141,0.94359,0.8345,0.87186,0.87465,0.93186,0.6881,0.7001,0.75635,0.95717,6
0.11711,0.074097,0.10756,0.23686,0.080739,0.24033,0.1092,0.14085,0.052475,0.12637,0.10386,0.10424,0.067552,0.20191,0.23798,0.044213,0.62576,0.51916,0.62786,0.81604,0.33515,1.1551,0.49083,1.3265,0.41767,0.61943,0.59506,0.53602,0.44023,1.3417,0.71502,0.46257,0.25475,0.16029,0.22413,0.24457,0.069772,0.36437,0.18876,0.20568,0.12408,0.19087,0.2091,0.18404,0.10685,0.31278,0.21987,0.10438,0.12,0.0875,0.14,0.15,0.08,0.2975,0.0775,0.1125,0.08,0.1575,0.155,0.115,0.06,0.2475,0.2975,0.0475,0.85294,0.91554,0.90571,0.98406,0.76248,0.90081,0.9671,1.0173,0.88172,0.91525,0.89798,0.99006,0.82846,0.79525,0.93005,0.98691,0.78246,0.88366,0.85914,0.874,0.68943,0.80876,0.90791,0.94629,0.85629,0.86002,0.86532,0.93923,0.64017,0.72864,0.63543,0.96528,6
0.072797,0.070504,0.092022,0.1222,0.05498,0.1804,0.12054,0.13667,0.048331,0.13296,0.085751,0.077355,0.036568,0.11977,0.14616,0.052777,0.68385,0.50008,0.49831,0.64917,0.43536,1.2461,0.42534,1.0206,0.44813,0.41083,0.45932,0.71494,0.25824,1.1658,0.48828,0.376,0.16654,0.17389,0.18446,0.23998,0.13521,0.36591,0.13944,0.16842,0.1313,0.14903,0.16254,0.20006,0.094718,0.26837,0.13932,0.098482,0.075,0.08,0.1075,0.1475,0.07,0.2225,0.17,0.095,0.0775,0.225,0.1175,0.0975,0.03,0.145,0.155,0.07,0.82222,0.91472,0.90571,0.91689,0.72443,0.87365,0.98277,1.0182,0.88444,0.91525,0.89564,0.97827,0.79422,0.78256,0.87508,0.98601,0.78969,0.8902,0.87038,0.86995,0.68486,0.81178,0.93576,0.9409,0.86174,0.85845,0.86066,0.95396,0.72918,0.73499,0.64642,0.95987,6
0.14826,0.071431,0.23588,0.13286,0.13349,0.16743,0.12707,0.10422,0.083462,0.13862,0.1139,0.12346,0.064918,0.16545,0.12455,0.050313,0.90164,0.59068,0.76851,1.0471,0.55086,1.5464,0.62599,0.68708,0.55163,0.54743,0.4199,0.41423,0.23154,0.88558,0.3665,0.30872,0.28792,0.16964,0.24307,0.24777,0.14714,0.34349,0.19058,0.1539,0.1864,0.15999,0.15108,0.16008,0.071113,0.32982,0.14493,0.1004,0.1375,0.1,0.195,0.13,0.08,0.1875,0.095,0.1,0.1,0.1575,0.13,0.1,0.0475,0.17,0.1925,0.0775,0.85294,0.90981,0.93623,0.94926,0.82335,0.87289,1.0089,0.99571,0.88717,0.91131,0.91974,0.99448,0.85242,0.82141,0.82891,0.9815,0.78066,0.88366,0.80374,0.87643,0.68334,0.81254,0.93228,0.94449,0.85266,0.85056,0.86377,0.9186,0.70864,0.73816,0.72557,0.96438,6
0.1976,0.15885,0.20407,0.15088,0.09398,0.2281,0.12332,0.15361,0.11902,0.11712,0.15064,0.15234,0.090862,0.25014,0.17828,0.078634,0.40726,0.47108,0.87971,0.89658,0.43633,1.2402,0.52101,0.42998,0.42583,0.60536,0.60901,0.63771,0.3125,0.79984,0.40907,0.29465,0.15768,0.16145,0.20275,0.28482,0.13893,0.5047,0.17321,0.12894,0.14342,0.14749,0.19829,0.18911,0.087062,0.2764,0.12565,0.074277,0.15,0.14,0.12,0.1475,0.115,0.275,0.085,0.07,0.07,0.135,0.1,0.0775,0.06,0.195,0.2775,0.1225,0.84752,0.96622,0.91535,0.95169,0.75335,0.91137,1.0272,1.0101,0.88172,0.90736,0.89642,1.0048,0.87296,0.76987,0.80473,0.99863,0.7147,0.85995,0.79571,0.88452,0.68029,0.8314,0.94969,0.91573,0.79636,0.87186,0.8109,0.90682,0.60594,0.63509,0.58266,0.95356,6
0.076244,0.17181,0.17878,0.17081,0.066068,0.192,0.11091,0.11048,0.1054,0.12471,0.10321,0.057536,0.06635,0.23741,0.18663,0.11862,1.145,0.39382,1.0632,0.44861,0.33971,1.189,0.42777,0.39817,0.33477,0.75997,0.4902,0.60446,0.38707,0.81729,0.47386,0.29625,0.21043,0.12335,0.29349,0.16949,0.13418,0.39547,0.14305,0.1419,0.13445,0.17483,0.16421,0.17227,0.12472,0.2545,0.15742,0.10935,0.1075,0.0875,0.11,0.1075,0.0975,0.1875,0.0875,0.09,0.0875,0.18,0.15,0.085,0.05,0.2,0.225,0.11,0.82945,0.92616,0.98199,0.96706,0.74574,0.90458,1.0211,1.002,0.90715,0.91131,0.89487,0.97238,0.7908,0.79049,0.86409,0.97429,0.79963,0.84605,0.87841,0.85296,0.7016,0.81706,0.95317,0.92292,0.85357,0.86949,0.84511,0.95249,0.63675,0.63667,0.60025,0.91841,6
0.25981,0.30008,0.32555,0.2688,0.1501,0.47333,0.29509,0.21235,0.14712,0.29387,0.16227,0.18927,0.12147,0.38279,0.091514,0.1715,1.3192,1.3932,1.2284,2.144,0.92113,2.3862,1.0539,1.4151,0.59173,1.5234,0.71372,2.0918,0.63486,1.7364,0.52816,0.53204,0.32901,0.36773,0.4386,0.6269,0.27543,0.77449,0.38729,0.34153,0.1738,0.3258,0.32775,0.40009,0.17914,0.54049,0.18456,0.19318,0.4475,0.34,0.4675,0.41,0.1825,0.495,0.32,0.2275,0.2125,0.1775,0.1725,0.23,0.14,0.5975,0.1175,0.2525,0.88005,1.0136,0.9563,0.91851,0.76552,0.97097,0.99582,0.96246,0.86174,0.99968,0.9042,1.0232,0.87296,0.82696,0.77614,0.86884,0.76439,0.909,0.85031,0.83192,0.66203,0.78462,0.83653,0.85283,0.79909,0.83241,0.83111,0.93334,0.59224,0.69772,0.68819,0.81206,7
0.3128,0.2982,0.27424,0.31814,0.13172,0.47358,0.30838,0.15742,0.11829,0.17364,0.18254,0.15849,0.090407,0.40005,0.1867,0.12893,0.92731,1.2496,1.0572,1.3635,0.6956,1.568,1.5328,0.80007,0.56467,0.72922,0.97798,0.9055,0.4812,2.0308,0.55682,0.96818,0.30809,0.37506,0.42045,0.44466,0.2816,0.51073,0.3511,0.23727,0.17852,0.25991,0.28692,0.34632,0.12802,0.50713,0.19048,0.22003,0.42,0.425,0.39,0.2675,0.1875,0.6425,0.325,0.13,0.11,0.2,0.2975,0.19,0.1175,0.615,0.1175,0.16,0.89541,1.0218,0.94185,0.92094,0.74574,0.90307,0.99234,0.97145,0.89534,0.95313,0.90575,0.99521,0.80792,0.8563,0.93445,0.88236,0.76439,0.88529,0.8479,0.75504,0.65138,0.7039,0.82086,0.869,0.82451,0.8829,0.85133,0.9326,0.62648,0.65253,0.58925,0.81206,7
0.23091,0.38656,0.28616,0.27529,0.13993,0.45293,0.23755,0.12566,0.16115,0.15078,0.28393,0.21176,0.07571,0.40665,0.12658,0.070592,0.78835,2.2296,1.2202,0.94383,1.1369,2.2748,1.3691,0.60203,0.45732,0.82775,0.74688,1.1676,0.45583,1.7506,0.49001,0.59073,0.24014,0.47008,0.35897,0.35761,0.30127,0.58311,0.48376,0.25245,0.17474,0.28175,0.24063,0.37755,0.14355,0.49223,0.18402,0.22666,0.275,0.3525,0.31,0.215,0.15,0.4375,0.335,0.1775,0.1,0.195,0.22,0.2275,0.1175,0.4975,0.12,0.105,0.83396,1.0856,0.98761,0.93712,0.764,0.92042,0.96971,0.92562,0.89806,0.94129,0.98116,1.0063,0.81476,0.81507,0.80253,0.88056,0.72283,0.90491,0.86236,0.76718,0.67116,0.77481,0.8757,0.869,0.79455,0.89395,0.8179,0.8965,0.70864,0.68583,0.62003,0.85262,7
0.16499,0.28669,0.24471,0.20781,0.12651,0.34273,0.19152,0.16332,0.20117,0.15129,0.17518,0.28515,0.10854,0.38033,0.11729,0.10304,0.86086,3.019,1.4069,1.0214,0.68122,1.59,1.6735,1.2342,0.59567,0.93409,0.94524,1.6518,0.46725,1.6777,0.78536,0.93953,0.29735,0.55354,0.43391,0.43091,0.23367,0.45401,0.46762,0.34823,0.17363,0.24383,0.30162,0.38612,0.14807,0.46417,0.24112,0.2318,0.17,0.1975,0.3275,0.2225,0.145,0.4,0.225,0.14,0.1075,0.165,0.1325,0.285,0.0875,0.6225,0.155,0.1375,0.86107,1.057,0.93623,0.95088,0.76552,0.93702,0.96971,0.92023,0.92894,0.94997,0.9283,1.0777,0.91062,0.82458,0.79813,0.89408,0.77614,0.85995,0.81659,0.86024,0.64529,0.7899,0.87831,0.83126,0.78274,0.89237,0.85055,0.93849,0.64702,0.7112,0.686,0.84361,7
0.18349,0.32604,0.24414,0.22454,0.14605,0.26545,0.20595,0.093123,0.13508,0.15971,0.12369,0.22841,0.073531,0.44137,0.14482,0.12107,1.0277,3.3506,0.94088,2.1347,0.71019,1.7865,0.95359,0.6597,0.70415,1.1641,0.86376,1.1839,0.43884,1.6659,1.4751,0.80931,0.28095,0.48419,0.3233,0.5497,0.25648,0.56033,0.32401,0.2181,0.1827,0.29196,0.22646,0.44488,0.14717,0.47903,0.41258,0.18751,0.31,0.2475,0.2675,0.28,0.2175,0.375,0.24,0.11,0.0875,0.265,0.1475,0.285,0.115,0.5675,0.1675,0.1575,0.83125,1.0725,0.92258,0.92498,0.75335,0.91061,0.98625,0.93191,0.92985,0.95392,0.9283,1.0306,0.82161,0.90625,0.80692,0.9058,0.7653,0.85995,0.80856,0.84163,0.66203,0.81329,0.88876,0.88787,0.84177,0.90579,0.88787,0.93555,0.72233,0.70803,0.63323,0.84992,7
0.35973,0.34252,0.22434,0.14996,0.16439,0.39409,0.2113,0.14962,0.28164,0.19687,0.16075,0.28368,0.073838,0.23918,0.17839,0.12487,0.91933,3.5927,0.92196,1.4727,0.72707,1.9057,1.5793,1.0435,1.535,0.74216,1.2832,1.3056,0.54368,1.1472,0.8232,1.4896,0.28426,0.66976,0.35105,0.28078,0.26065,0.57869,0.43414,0.22966,0.25518,0.21306,0.33787,0.36818,0.12469,0.37335,0.19117,0.25386,0.21,0.35,0.2875,0.215,0.13,0.32,0.2275,0.095,0.205,0.22,0.2075,0.2,0.11,0.36,0.15,0.15,0.8945,0.98502,0.93462,0.91042,0.76704,0.97172,0.98364,0.97325,0.88989,0.9981,0.94773,1.0821,0.83188,0.8008,0.90587,0.93284,0.64964,0.79946,0.85834,0.86186,0.58898,0.76199,0.88179,0.87979,0.79364,0.90658,0.89409,0.9407,0.72575,0.71754,0.63543,0.86614,7
0.21964,0.36913,0.28853,0.35128,0.2033,0.29376,0.23279,0.21435,0.12228,0.27393,0.3217,0.31916,0.14816,0.64589,0.13599,0.13135,1.1709,1.6436,1.4496,2.0769,0.8202,1.7611,0.94627,1.4003,1.0112,0.69265,0.94655,2.0001,0.42733,3.33,1.1582,1.0238,0.31833,0.51042,0.3338,0.54736,0.30156,0.62397,0.23599,0.45324,0.3089,0.31855,0.32991,0.43379,0.15974,0.78353,0.29336,0.32749,0.18,0.265,0.3775,0.215,0.2325,0.3375,0.22,0.275,0.175,0.3475,0.5575,0.255,0.22,0.9775,0.1725,0.1725,0.90083,1.048,0.95871,0.97678,0.81727,0.94456,1.0306,0.94988,0.89988,1.006,0.96795,1.0357,0.89692,0.82855,0.83551,0.88236,0.77343,0.87303,0.83746,0.77122,0.64986,0.82763,0.9053,0.87439,0.85085,0.89001,0.88398,0.87735,0.61621,0.6446,0.66621,0.82378,8
0.13229,0.24436,0.21885,0.36648,0.22699,0.32968,0.18601,0.13005,0.095173,0.2068,0.28986,0.26688,0.10721,0.65882,0.37096,0.18932,0.77791,0.84241,2.2429,1.6164,1.0385,3.2163,1.0257,0.713,0.80903,1.1339,1.2175,2.0861,0.54244,3.0473,1.6203,1.1448,0.29089,0.31568,0.58743,0.53908,0.34825,0.80593,0.32677,0.24637,0.19045,0.40418,0.36272,0.83231,0.17575,0.75669,0.55691,0.36359,0.165,0.195,0.1825,0.4425,0.3775,0.43,0.215,0.1625,0.1275,0.2725,0.4675,0.3075,0.095,0.9775,0.575,0.2675,0.86107,0.98911,0.95469,0.96949,0.76248,0.95814,0.98886,0.95348,0.88444,0.94129,0.96795,1.0394,0.91404,0.84995,0.92565,0.87065,0.80144,0.88529,0.8479,0.83596,0.60116,0.86233,0.91313,0.89417,0.83904,0.87659,0.87232,0.9547,0.6881,0.6224,0.60684,0.79764,8
0.15067,0.32618,0.24027,0.25065,0.24901,0.26082,0.18672,0.17511,0.11346,0.17149,0.29071,0.25142,0.15067,0.52459,0.34411,0.11035,0.7047,1.667,1.643,1.9125,1.1308,2.617,1.793,1.7937,0.6522,1.0411,0.83858,1.3152,0.88558,2.3248,1.8958,1.1618,0.26499,0.49057,0.37631,0.60417,0.35975,0.52955,0.40138,0.40391,0.21455,0.3685,0.29053,0.44408,0.2152,0.70057,0.52829,0.22637,0.19,0.2575,0.235,0.2575,0.3675,0.38,0.1975,0.25,0.1675,0.245,0.3925,0.29,0.1375,0.7225,0.43,0.15,0.89812,1.0733,1.0085,0.9614,0.78379,0.91816,0.99844,0.95258,0.91078,0.94524,0.94773,1.0269,0.98251,0.88167,0.99381,0.84811,0.81409,0.90981,0.89447,0.85943,0.61637,0.83592,0.91748,0.87979,0.85629,0.87186,0.83733,0.92008,0.56828,0.68424,0.64862,0.80846,8
0.28251,0.27578,0.21899,0.31921,0.23531,0.32455,0.25662,0.21264,0.11958,0.23431,0.32967,0.29347,0.090134,0.58837,0.34871,0.11404,1.3174,2.2732,1.3782,2.0465,3.3644,2.3884,2.2365,1.4074,0.83407,3.1472,1.8668,1.504,0.44954,4.6994,1.6316,0.99482,0.39329,0.49527,0.53392,0.66465,0.36648,0.64229,0.60011,0.36403,0.28077,0.37289,0.46212,0.24425,0.16257,0.9828,0.38571,0.27456,0.17,0.24,0.27,0.3775,0.355,0.51,0.31,0.165,0.125,0.1975,0.2975,0.21,0.1375,0.88,0.495,0.1775,0.89179,1.0545,0.96834,0.97516,0.77618,0.94683,1.0176,0.96516,0.89625,0.95313,0.95473,1.0173,0.82846,0.86581,0.97183,0.85623,0.70386,0.89674,0.8752,0.84001,0.63007,0.82461,0.91139,0.86002,0.84631,0.82136,0.79146,0.8965,0.68125,0.65411,0.66621,0.81386,8
0.16468,0.30229,0.31031,0.38653,0.2734,0.4151,0.32249,0.16987,0.12936,0.38433,0.30084,0.29767,0.093487,0.54608,0.35942,0.11607,1.5096,0.95642,1.8998,2.0644,2.0311,3.0449,1.9473,0.66591,0.77597,2.0104,1.3895,3.67,0.70169,1.8345,2.3028,0.80698,0.32904,0.36506,0.48522,0.48763,0.47327,0.86277,0.46789,0.24778,0.30588,0.48982,0.43497,0.51724,0.24294,0.56227,0.38461,0.27948,0.1925,0.195,0.275,0.3525,0.4175,0.445,0.29,0.1675,0.175,0.3625,0.5275,0.215,0.1325,0.8575,0.5825,0.16,0.8936,1.0586,1.0221,0.98325,0.75182,0.94456,1.0098,0.96965,0.89443,0.98863,0.94462,1.0711,0.81134,0.86422,0.96303,0.85713,0.8186,0.90082,0.87761,0.81897,0.59355,0.78689,0.86525,0.89686,0.84086,0.81663,0.86143,0.92008,0.6881,0.69614,0.6728,0.80756,8
0.19102,0.18957,0.2476,0.29605,0.25312,0.4099,0.28653,0.14634,0.16319,0.28823,0.42618,0.20587,0.09481,0.51673,0.28089,0.1268,1.3756,1.5915,2.1146,3.1789,1.5331,4.078,1.9497,1.3223,1.6719,1.7262,1.871,1.6976,0.50234,3.4697,2.5985,0.90078,0.34632,0.45643,0.46941,0.80539,0.33682,0.84564,0.75847,0.25011,0.30791,0.4224,0.47537,0.44834,0.14212,0.66882,0.53372,0.34106,0.155,0.21,0.2975,0.4375,0.3625,0.415,0.4325,0.1425,0.2,0.3325,0.4575,0.2325,0.0875,0.7875,0.445,0.175,0.90444,0.97031,0.98199,0.96464,0.73508,0.94532,0.98451,0.96067,0.89625,0.97916,1.0045,1.021,0.86269,0.86422,0.95644,0.86614,0.80505,0.89347,0.87761,0.84972,0.56159,0.79066,0.87918,0.89147,0.81906,0.88133,0.81479,0.94954,0.69152,0.7001,0.69259,0.81206,8
0.26514,0.32541,0.34168,0.26056,0.24306,0.28158,0.32678,0.21995,0.37867,0.19652,0.23206,0.16366,0.13339,0.29866,0.11362,0.23036,3.2557,1.6331,1.2102,1.1236,0.7679,2.6145,0.82519,1.4534,2.1204,0.66392,1.1802,0.76936,1.7375,1.2112,0.47401,1.4094,0.39867,0.45752,0.39479,0.41689,0.23134,0.5148,0.25774,0.42063,0.38219,0.26659,0.29464,0.25152,0.2174,0.42817,0.1604,0.27571,0.3825,0.345,0.46,0.3225,0.335,0.17,0.2325,0.34,0.765,0.2275,0.3075,0.155,0.0975,0.36,0.15,0.17,0.87191,1.0725,1.0711,1.0342,1.0273,0.89175,0.95752,1.0164,0.89171,1.0265,0.96873,1.0262,0.9517,0.9007,1.0004,0.96348,0.74813,0.88284,0.92338,0.90394,0.8264,0.7899,0.77472,0.92652,0.77548,0.94445,0.86765,0.96649,0.57513,0.79049,0.89047,0.86614,9
0.15878,0.2384,0.25542,0.17901,0.13663,0.30912,0.14134,0.24008,0.28823,0.21727,0.1662,0.17286,0.12254,0.61632,0.1361,0.10424,0.80391,1.0473,1.5322,1.2501,1.0121,2.7859,1.2553,1.3432,1.5966,1.19,0.79201,0.63027,2.0976,1.8915,0.54315,0.51713,0.30503,0.30289,0.49747,0.48153,0.29212,0.47372,0.28807,0.41952,0.31258,0.31058,0.29434,0.18607,0.26707,0.53645,0.15544,0.16647,0.23,0.165,0.25,0.195,0.19,0.215,0.1675,0.375,0.2625,0.29,0.2425,0.21,0.1,1.09,0.135,0.1425,0.91348,1.0954,1.0454,1.0439,0.94054,0.96192,0.97145,1.0505,0.94256,1.0202,0.9524,1.0173,0.83873,0.8888,0.99161,0.94906,0.84842,0.95396,0.91856,0.97354,0.84162,0.79066,0.91661,0.95707,0.82905,0.94681,0.90342,0.94881,0.57513,0.73182,0.80033,0.91391,9
0.16937,0.29033,0.29707,0.33172,0.15016,0.15737,0.25643,0.2975,0.20975,0.11534,0.11837,0.09462,0.077859,0.33174,0.072939,0.10616,0.85556,1.5214,1.2163,1.8147,0.98636,1.2638,1.1903,1.5098,1.0128,0.86763,0.73568,1.1117,0.50041,1.521,0.51977,0.64889,0.24544,0.38753,0.55758,0.43849,0.26503,0.41082,0.40709,0.41546,0.23443,0.19875,0.21914,0.21949,0.13294,0.53191,0.15037,0.17965,0.2225,0.215,0.27,0.3375,0.2,0.22,0.2375,0.37,0.2525,0.135,0.1125,0.135,0.0775,0.4525,0.1075,0.1425,0.93968,1.1019,1.1354,1.1435,0.94815,0.91061,1.0324,1.0811,0.90533,1.0013,0.97261,1.0033,0.90719,0.9007,0.98502,0.94095,0.85113,0.92616,0.96031,0.96545,0.84618,0.8661,0.86003,0.94179,0.80272,0.96417,0.91586,0.97091,0.73945,0.7897,0.91686,0.88507,9
0.21704,0.18801,0.25368,0.32127,0.14857,0.21699,0.13383,0.12843,0.26633,0.17119,0.17031,0.16318,0.076175,0.2805,0.15239,0.20662,1.1785,1.7286,1.8688,1.3736,0.71822,1.0316,1.2623,0.9452,2.0833,0.64274,2.0169,0.73744,0.39928,1.3891,0.64477,0.72735,0.32545,0.50631,0.48673,0.39534,0.26026,0.33971,0.33907,0.27133,0.39173,0.21902,0.28292,0.17775,0.12634,0.51456,0.20127,0.19086,0.2075,0.21,0.26,0.175,0.1175,0.21,0.17,0.175,0.285,0.1975,0.205,0.1525,0.1075,0.3275,0.1425,0.3375,0.98395,1.0153,1.092,1.0601,0.94054,0.95965,0.97145,1.0335,0.89262,1.0013,0.96017,1.0225,0.88665,0.90308,1.0796,0.94185,0.85113,0.94006,0.94907,0.8918,0.79139,0.85403,0.91835,0.97325,0.75187,0.92472,0.87932,0.94512,0.74287,0.79366,0.83111,0.86434,9
0.14702,0.20006,0.24659,0.25515,0.13584,0.17251,0.18187,0.20059,0.1433,0.19242,0.097555,0.093652,0.097344,0.2871,0.097785,0.16285,1.2912,1.0215,1.8302,1.7451,0.83428,0.8911,0.86174,1.1181,1.3055,0.86127,1.9722,0.45286,0.65642,1.1178,0.56844,0.92557,0.25339,0.37352,0.42631,0.40836,0.1694,0.33246,0.26805,0.31381,0.35198,0.24546,0.22758,0.15148,0.13167,0.45188,0.16401,0.26533,0.1575,0.145,0.185,0.25,0.175,0.19,0.205,0.2075,0.18,0.1275,0.0975,0.0875,0.0875,0.4175,0.095,0.24,0.93968,1.0529,1.0551,1.0901,0.9375,0.94834,1.0228,1.0317,0.88717,1.0391,0.95862,0.99816,0.8353,0.91655,1.0224,0.9112,0.85836,0.95804,0.94586,0.94926,0.83249,0.86987,0.92532,0.94808,0.82179,0.91289,0.91042,0.95765,0.60594,0.81745,0.89927,0.86073,9
0.19201,0.20023,0.36648,0.31509,0.1456,0.13859,0.14816,0.14566,0.35167,0.11646,0.12346,0.07948,0.080357,0.27903,0.11276,0.11549,0.63044,0.80802,1.8708,1.6243,0.8262,0.96408,0.95154,1.0472,2.8666,0.63752,1.0475,0.48609,0.94736,1.1483,0.50181,0.67975,0.17856,0.28137,0.49976,0.50766,0.24581,0.26306,0.34612,0.37277,0.3384,0.25087,0.25318,0.18824,0.17707,0.35395,0.1772,0.18367,0.1775,0.2125,0.35,0.34,0.2225,0.1475,0.155,0.195,0.555,0.1175,0.12,0.1325,0.085,0.4275,0.1075,0.1375,0.95233,1.0275,1.0743,1.0901,0.94206,0.91061,1.0019,1.0227,0.90805,1.0013,0.96717,0.98711,0.90035,0.89277,1.0136,0.89588,0.85294,0.92371,0.84469,0.94683,0.85531,0.85026,0.93228,0.96156,0.80181,0.95392,0.90575,0.96575,0.72575,0.80872,0.82451,0.8364,9
0.15638,0.16653,0.24196,0.30714,0.11676,0.18569,0.17448,0.2204,0.23003,0.1988,0.11116,0.16884,0.084893,0.48997,0.14806,0.19353,0.89718,1.2708,1.1011,1.6944,0.92274,1.0779,1.701,1.1066,1.6074,1.2328,0.93254,0.88637,0.57311,2.2106,0.69878,0.89131,0.20516,0.34611,0.33644,0.43825,0.28085,0.42308,0.43348,0.29736,0.32009,0.25292,0.26496,0.17722,0.1816,0.50324,0.19533,0.17791,0.15,0.18,0.14,0.2625,0.1175,0.185,0.245,0.2675,0.2975,0.31,0.16,0.165,0.0475,0.8775,0.125,0.2975,0.92341,0.99892,1.0294,1.1451,0.96033,0.90156,0.96971,1.0424,0.89534,1.0013,0.95784,1.0026,0.90035,0.91259,0.97403,0.90309,0.82583,0.92126,0.92338,0.94521,0.86901,0.82838,0.91052,0.93101,0.80726,0.91841,0.91663,0.91492,0.71206,0.7778,0.80253,0.81026,9
0.35021,0.16703,0.13364,0.29497,0.28177,0.30286,0.2706,0.24528,0.12404,0.097303,0.17831,0.19594,0.086379,0.32755,0.16239,0.11782,0.85251,1.0487,1.2153,1.0891,1.0352,1.2747,0.746,1.0798,0.74231,0.77019,0.56883,0.57836,0.2431,1.6278,0.69926,0.53962,0.25993,0.24303,0.26698,0.33557,0.23742,0.33673,0.29339,0.29174,0.24229,0.26434,0.21356,0.16369,0.075162,0.36075,0.23241,0.13068,0.3375,0.215,0.2,0.17,0.26,0.445,0.15,0.245,0.11,0.1275,0.1275,0.1175,0.0675,0.4175,0.28,0.0875,1.1909,1.0529,1.0358,1.1119,0.90249,1.0087,1.0141,1.0272,1.007,1.0581,1.076,1.1249,0.849,0.93162,1.1697,1.0356,0.98214,0.97685,0.98761,0.93874,0.6179,0.9174,0.83827,0.91483,0.93257,1.0265,0.97961,1.0217,0.64359,0.80872,1.0312,0.96258,10
0.25927,0.38086,0.2728,0.23019,0.19754,0.32843,0.22063,0.19219,0.19462,0.18981,0.18412,0.089352,0.14573,0.32885,0.085979,0.13662,1.0122,1.1194,0.88612,1.5657,0.62824,1.0676,0.7616,0.68853,0.74576,0.75408,2.7805,0.87222,0.26046,1.5461,0.63642,0.76101,0.2837,0.38666,0.35221,0.33088,0.17143,0.34558,0.34294,0.28164,0.16687,0.25435,0.33935,0.2551,0.082938,0.43567,0.12157,0.1712,0.215,0.1725,0.2,0.175,0.1875,0.3675,0.19,0.1875,0.1,0.1,0.1,0.1175,0.085,0.4725,0.13,0.17,1.1592,1.2139,1.092,1.0537,0.88271,1.0404,1.0576,1.0218,1.0443,1.0999,1.069,1.049,1.0236,0.92131,1.1477,1.0401,0.96859,0.99728,0.91535,0.93874,0.69247,0.89703,0.93837,0.89866,0.94438,0.97364,0.94307,1.0217,0.66413,0.80238,1.04,0.9797,10
0.11961,0.29579,0.25444,0.33487,0.21782,0.2194,0.24906,0.1197,0.27808,0.19393,0.23321,0.24043,0.069856,0.17162,0.13952,0.086441,0.9936,2.9618,1.3285,1.5494,0.6624,1.188,0.7842,0.68723,0.56455,0.60657,3.5742,0.62285,0.80841,1.4788,0.50656,1.3221,0.23925,0.6621,0.4538,0.44955,0.16817,0.30887,0.27935,0.25275,0.19161,0.23209,0.31454,0.23898,0.12594,0.42843,0.16438,0.17452,0.175,0.25,0.165,0.225,0.1275,0.2075,0.1925,0.115,0.08,0.095,0.13,0.1,0.0775,0.215,0.1,0.1125,1.0391,1.1183,1.1185,1.0002,0.85531,1.014,1.0167,1.0155,1.0724,1.1441,1.069,1.1153,0.90719,0.91338,1.2247,1.0347,0.99118,0.97685,0.9836,0.82383,0.59202,0.90081,0.86351,0.9409,0.85357,1.0233,0.92596,0.94733,0.73602,0.84678,1.04,0.99142,10
0.306,0.17092,0.33901,0.15033,0.104,0.20557,0.091854,0.11369,0.17526,0.15146,0.10607,0.21337,0.03718,0.18892,0.095749,0.10352,2.9547,1.8111,0.98448,1.2623,0.61395,0.71263,0.84606,0.9756,0.52486,0.75053,0.58443,0.69064,0.27309,1.1351,0.46911,0.97481,0.47826,0.45531,0.29743,0.37414,0.21506,0.20136,0.27716,0.25697,0.16631,0.27745,0.19624,0.26222,0.097305,0.36225,0.10572,0.13246,0.1975,0.215,0.16,0.215,0.1175,0.135,0.12,0.13,0.105,0.0975,0.1,0.1275,0.04,0.1975,0.13,0.06,1.1674,1.061,1.0382,0.99215,0.77009,0.96116,0.99931,1.02,0.99795,1.118,1.0286,1.1278,0.83873,0.9451,1.1609,1.0725,1.0011,0.99156,0.82943,0.9436,0.70769,0.87214,0.95926,0.96606,0.89625,1.0312,0.97417,1.0085,0.78395,0.85867,1.051,0.99142,10
0.34116,0.49539,0.50515,0.3285,0.10039,0.18273,0.10852,0.18162,0.154,0.18242,0.11649,0.19979,0.054966,0.23841,0.069802,0.08926,2.059,1.547,1.8269,1.3387,0.86267,0.75519,0.84887,1.1495,0.73919,0.92936,0.49204,0.54837,0.30853,1.0211,0.42458,0.26097,0.36983,0.37741,0.51944,0.34461,0.19381,0.25361,0.28423,0.28783,0.222,0.23773,0.17054,0.15581,0.088322,0.29456,0.12131,0.10319,0.2075,0.2425,0.3425,0.275,0.115,0.2625,0.1275,0.1925,0.1025,0.12,0.13,0.11,0.0775,0.22,0.07,0.05,1.1312,1.0627,1.1386,1.1281,0.77465,0.96267,1.001,1.0245,1.0388,1.0707,1.0426,1.13,0.849,1.0093,1.1301,1.0843,0.86559,0.83379,0.78527,0.92903,0.70465,0.90835,0.95752,0.92831,0.95255,0.97364,0.98039,1.0173,0.75314,0.8777,1.0708,1.0248,10
0.31541,0.14474,0.22551,0.36252,0.13798,0.11337,0.25154,0.30178,0.11446,0.31169,0.27618,0.2326,0.080833,0.40003,0.23661,0.19624,4.0364,1.3547,1.2271,1.2711,0.47149,0.7845,0.78475,1.1116,1.1782,2.829,0.50791,0.72393,0.99369,1.5825,0.60318,0.648,0.45545,0.35266,0.45724,0.38432,0.14744,0.25694,0.24844,0.27456,0.26048,0.35398,0.21084,0.24613,0.15147,0.44124,0.22883,0.16774,0.165,0.17,0.2225,0.235,0.1275,0.15,0.235,0.4425,0.17,0.3825,0.185,0.11,0.06,0.72,0.375,0.385,1.1276,1.0651,1.1241,1.12,0.85379,0.93098,1.0098,1.0577,0.99795,1.0817,1.0558,1.1389,0.90377,0.93796,1.1345,1.0491,0.86559,1.0014,0.99966,0.95493,0.70465,0.89477,0.86177,0.91214,0.94982,0.9334,0.88476,0.99227,0.72918,0.8222,0.89707,0.99322,10
0.16957,0.34915,0.25347,0.36391,0.073946,0.11713,0.27481,0.26041,0.18733,0.2211,0.19233,0.079565,0.044464,0.21558,0.11705,0.065647,1.0872,1.3242,1.1241,1.4719,0.67929,1.0116,1.2235,1.1253,0.7724,1.1389,0.9794,0.57874,0.31236,0.78848,0.51439,0.48348,0.27799,0.41999,0.42192,0.37721,0.18799,0.3207,0.27906,0.3839,0.22462,0.31113,0.24098,0.18037,0.092571,0.2932,0.14866,0.12118,0.145,0.195,0.2,0.155,0.1175,0.195,0.1475,0.1875,0.1,0.12,0.115,0.07,0.0475,0.2425,0.1,0.0775,1.0436,1.0954,1.1201,1.133,0.78835,0.93325,1.1029,1.1125,1.0406,1.0723,1.027,1.0556,0.84215,0.94193,1.1587,1.0338,0.93968,0.88693,0.97958,0.94521,0.74422,0.89553,0.92706,0.95078,0.90715,0.9334,0.91042,1.0269,0.77368,0.8444,0.98502,1.0004,10
